IPO name,ticker,offer date,VC
IFM Investments Ltd,CTC,20100127,1
Ironwood Pharmaceuticals Inc,IRWD,20100202,1
QuinStreet Inc,QNST,20100210,1
Anthera Pharmaceuticals Inc,ANTH,20100301,1
AVEO Pharmaceuticals Inc,AVEO,20100311,1
Financial Engines Inc,FNGN,20100315,1
MaxLinear Inc,MXL,20100323,1
Calix Inc,CALX,20100324,1
China Lodging Group Ltd,HTHT,20100325,1
Meru Networks Inc,MERU,20100330,1
Tengion Inc,TNGN,20100409,1
Alimera Sciences Inc,ALIM,20100422,1
Codexis Inc,CDXS,20100422,1
Alpha & Omega Semiconductor Lt,AOSL,20100429,1
Convio Inc,CNVO,20100429,1
JinkoSolar Holding Co Ltd,JKS,20100513,1
TeleNav Inc,TNAV,20100513,1
Kingtone Wirelessinfo Solution,KONE,20100514,1
Accretive Health Inc,AH,20100520,1
ReachLocal Inc,RLOC,20100520,1
BroadSoft Inc,BSFT,20100616,1
Higher One Holdings Inc,ONE,20100616,1
Vringo Inc,VRNG,20100621,1
Fabrinet,FN,20100624,1
Tesla Motors Inc,TSLA,20100628,1
HiSoft Tech Intl Ltd,HSFT,20100629,1
AutoNavi Hldg Ltd,AMAP,20100701,1
Qlik Technologies Inc,QLIK,20100715,1
RealD Inc,RLD,20100715,1
Camelot Info Sys Inc,CIS,20100720,1
Green Dot Corp,GDOT,20100721,1
Envestnet Inc,ENV,20100728,1
Trius Therapeutics Inc,TSRX,20100802,1
NuPathe Inc,PATH,20100805,1
China Kanghui Holdings,KH,20100810,1
MediaMind Technologies Inc,MDMD,20100810,1
MakeMyTrip Ltd,MMYT,20100811,1
RealPage Inc,RP,20100811,1
SouFun Holdings Ltd,SFUN,20100916,1
Amyris Inc,AMRS,20100927,1
Country Style Cooking,CCSC,20100927,2
ChinaCache Intl Hldg Ltd,CCIH,20100930,1
Daqo New Energy Corp,DQ,20101006,1
Global Education & Technology,GEDU,20101007,1
ShangPharma Corp,SHP,20101018,1
Aegerion Pharmaceuticals Inc,AEGR,20101022,1
Mecox Lane Ltd,MCOX,20101026,1
Pacific Biosciences of CA Inc,PACB,20101026,1
Examworks Group Inc,EXAM,20101027,2
Le Gaga Holdings Ltd,GAGA,20101028,2
Xueda Education Group,XUE,20101101,1
SinoTech Energy Ltd,CTE,20101103,1
Primo Water Corp,PRMW,20101104,1
Noah Holdings Ltd,NOAH,20101109,1
RDA Microelectronics Inc,RDA,20101109,1
Inphi Corp,IPHI,20101110,1
Complete Genomics Inc,GNOM,20101111,1
Bitauto Holdings Ltd,BITA,20101117,1
Zogenix Inc,ZGNX,20101122,1
Anacor Pharmaceuticals Inc,ANAC,20101123,1
E-Commerce China Dangdang Inc,DANG,20101207,1
Bona Film Group Ltd,BONA,20101208,2
Youku.com Inc,YOKU,20101208,1
Sky-mobi Ltd,MOBI,20101209,1
iSoftStone Holdings Ltd,ISS,20101213,1
FleetCor Technologies Inc,FLT,20101214,2
GAIN Capital Holdings Inc,GCAP,20101215,2
RigNet Inc,RNET,20101215,1
Demand Media Inc,DMD,20110125,1
InterXion Holding NV,INXN,20110127,1
Epocrates Inc,EPOC,20110201,1
NeoPhotonics Corp,NPTN,20110201,1
Pacira Pharmaceuticals Inc,PCRX,20110202,1
BG Medicine Inc,BGMD,20110203,1
Endocyte Inc,ECYT,20110204,1
Gevo Inc,GEVO,20110208,1
Fluidigm Corp,FLDM,20110209,1
AcelRx Pharmaceuticals Inc,ACRX,20110211,1
Zuoan Fashion Ltd,ZA,20110214,1
Cornerstone OnDemand Inc,CSOD,20110316,1
ServiceSource International,SREV,20110324,1
Qihoo 360 Technology Co Ltd,QIHU,20110329,1
Tranzyme Inc,TZYM,20110401,1
Zipcar Inc,ZIP,20110413,1
Ellie Mae Inc,ELLI,20110414,1
Sequans Communications SA,SQNS,20110414,1
STAG Industrial Inc,STIR,20110415,1
Sagent Pharmaceuticals Inc,SGNT,20110419,1
Responsys Inc,MKTG,20110420,1
21Vianet Group Inc,VNET,20110421,1
Boingo Wireless Inc,WIFI,20110503,1
Renren Inc,RENN,20110503,1
NetQin Mobile Inc,NQ,20110504,1
RPX Corp,RPXC,20110504,1
FriendFinder Networks Inc,FFN,20110510,2
Kosmos Energy Ltd,KOS,20110510,2
Jiayuan.com International Ltd,DATE,20110511,1
Phoenix New Media Ltd,FENG,20110511,1
LinkedIn Corp,LNKD,20110519,1
Yandex NV,YNDX,20110524,1
Spirit Airlines Inc,SAVE,20110525,2
The Active Network Inc,ACTV,20110525,2
Solazyme Inc,SZYM,20110526,1
Fusion-io Inc,FIO,20110608,1
Taomee Holdings Ltd,TAOM,20110608,1
Pandora Media Inc,P,20110614,1
KiOR Inc,KIOR,20110623,1
HomeAway Inc,AWAY,20110628,1
Skullcandy Inc,SKUL,20110719,1
Zillow Inc,Z,20110719,1
Tangoe Inc,TNGO,20110726,1
Horizon Pharma Inc,HZNP,20110728,1
Carbonite Inc,CARB,20110810,1
Tudou Holdings Ltd,TUDO,20110816,1
Ubiquiti Networks Inc,UBNT,20111013,1
ZELTIQ Aesthetics Inc,ZLTQ,20111018,1
Groupon Inc,GRPN,20111103,1
Imperva Inc,IMPV,20111108,1
NewLink Genetics Corp,NLNK,20111111,1
Angie's List Inc,ANGI,20111116,1
Clovis Oncology Inc,CLVS,20111116,1
InvenSense Inc,INVN,20111116,1
Intermolecular Inc,IMI,20111117,1
Jive Software Inc,JIVE,20111212,1
Bonanza Creek Energy Inc,BCEI,20111214,2
Zynga Inc,ZNGA,20111215,1
Guidewire Software Inc,GWRE,20120124,1
Verastem Inc,VSTM,20120126,1
Greenway Medical Tech Inc,GWAY,20120201,1
Cempra Inc,CEMP,20120203,1
ChemoCentryx Inc,CCXI,20120208,1
FX Alliance Inc,FX,20120208,2
Synacor Inc,SYNC,20120209,1
Brightcove Inc,BCOV,20120217,1
Ceres Inc,CERE,20120221,1
Bazaarvoice Inc,BV,20120223,1
Proto Labs Inc,PRLB,20120223,1
Yelp Inc,YELP,20120301,1
Demandware Inc,DWRE,20120314,1
M/A-COM Technology Hldg,MTSI,20120314,2
ExactTarget Inc,ET,20120321,1
Vipshop Holdings Ltd,VIPS,20120322,1
Vocera Communications Inc,VCRA,20120327,1
CafePress Inc,PRSS,20120328,1
Merrimack Pharmaceuticals Inc,MACK,20120328,1
Millennial Media Inc,MM,20120328,1
Enphase Energy Inc,ENPH,20120329,1
Splunk Inc,SPLK,20120418,1
Infoblox Inc,BLOX,20120419,1
Proofpoint Inc,PFPT,20120419,1
Envivio Inc,ENVI,20120424,1
Audience Inc,ADNC,20120509,1
WageWorks Inc,WAGE,20120509,1
Facebook Inc,FB,20120517,1
Tesaro Inc,TSRO,20120627,1
Exa Corp,EXA,20120628,1
ServiceNow Inc,NOW,20120628,1
Durata Therapeutics Inc,DRTX,20120718,1
Five Below Inc,FIVE,20120718,2
KAYAK Software Corp,KYAK,20120719,1
Palo Alto Networks Inc,PANW,20120719,1
E2open Inc,EOPN,20120725,1
Hyperion Therapeutics Inc,HPTX,20120725,1
Eloqua Inc,ELOQ,20120802,1
Globus Medical Inc,GMED,20120802,1
Peregrine Semiconductor Corp,PSMI,20120808,1
National Bank Holdings Corp,NBHC,20120919,2
Trulia Inc,TRLA,20120919,1
Qualys Inc,QLYS,20120927,1
LifeLock Inc,LOCK,20121002,1
Ambarella Inc,AMBA,20121009,1
Intercept Pharmaceuticals Inc,ICPT,20121010,1
KYTHERA Biopharmaceuticals Inc,KYTH,20121010,1
Shutterstock Inc,SSTK,20121010,1
Workday Inc,WDAY,20121011,1
Ruckus Wireless Inc,RKUS,20121115,1
YY Inc,YY,20121120,1
SolarCity Corp,SCTY,20121212,1
LipoScience Inc,LIPO,20130125,1
Stemline Therapeutics Inc,STML,20130128,1
KaloBios Pharmaceuticals Inc,KBIO,20130131,1
Xoom Corp,XOOM,20130214,1
Silver Spring Networks Inc,SSNI,20130312,1
Model N Inc,MODN,20130319,1
Tetraphase Pharmaceuticals Inc,TTPH,20130319,1
Enanta Pharmaceuticals Inc,ENTA,20130320,1
Marin Software Inc,MRIN,20130321,1
Chimerix Inc,CMRX,20130410,1
Omthera Pharmaceuticals Inc,OMTH,20130411,1
Rally Software Dvlp Corp,RALY,20130411,1
Cyan Inc,CYNI,20130508,1
PennyMac Finl Svcs Inc,PFSI,20130508,2
Receptos Inc,RCPT,20130508,1
BioAmber Inc,BIOA.,20130509,1
Ambit Biosciences Corp,AMBI,20130515,1
Marketo Inc,MKTO,20130516,1
Tableau Software Inc,DATA,20130516,1
Portola Pharmaceuticals Inc,PTLA,20130521,1
ChannelAdvisor Corp,ECOM,20130522,1
Epizyme Inc,EPZM,20130530,1
LightInTheBox Hldg Co Ltd,LITB,20130605,1
Gigamon Inc,GIMO,20130611,1
bluebird bio Inc,BLUE,20130618,1
PTC Therapeutics Inc,PTCT,20130619,1
Gogo Inc,GOGO,20130620,1
Esperion Therapeutics Inc,ESPR,20130625,1
NanoString Technologies Inc,NSTG,20130625,1
Aratana Therapeutics Inc,PETX,20130626,1
Tremor Video Inc,TRMR,20130626,1
OncoMed Pharmaceuticals Inc,OMED,20130717,1
RetailMeNot Inc,SALE,20130718,1
Agios Pharmaceuticals Inc,AGIO,20130723,1
Heat Biologics Inc,HTBX,20130723,1
Cellular Dynamics Intl Inc,ICEL,20130724,1
Conatus Pharmaceuticals Inc,CNAT,20130724,1
Control4 Corp,CTRL,20130801,1
Marrone Bio Innovations Inc,MBII,20130801,1
YuMe Inc,YUME,20130806,1
Cvent Inc,CVT,20130808,1
Regado Biosciences Inc,RGDO,20130822,1
Benefitfocus Inc,BNFT,20130917,1
Acceleron Pharma Inc,XLRN,20130918,1
Five Prime Therapeutics Inc,FPRX,20130918,1
Bind Therapeutics Inc,BIND,20130919,1
FireEye Inc,FEYE,20130919,1
Rocket Fuel Inc,FUEL,20130919,1
Evoke Pharma,EVOK,20130925,1
Foundation Medicine,FMI,20130925,1
Ophthotech,OPHT,20130925,1
Applied Optoelectronics,AAOI,20130926,1
Montage Technology Group Ltd,MONT,20130926,1
Enzymotec Ltd,ENZY,20130927,2
RingCentral,RNG,20130927,1
Violin Memory Inc,VMEM,20130927,1
Fate Therapeutics,FATE,20131001,1
Potbelly Corp,PBPB,20131004,2
LDR Holding,LDRH,20131009,2
Antero Resources,AR,20131010,2
MacroGenics,MGNX,20131010,1
Stonegate Mortgage,SGM,20131010,2
Veeva Systems,VEEV,20131016,1
ADMA Biologics,ADMA,20131017,1
voxeljet AG,VJET,20131018,1
Aerie Pharmaceuticals,AERI,20131025,1
Endurance Interntl Group Hold,EIGI,20131025,2
Criteo SA,CRTO,20131030,1
Veracyte,VCYT,20131030,1
58.com,WUBA,20131031,1
Essent Group Ltd,ESNT,20131031,2
Qunar Cayman Islands Ltd,QUNR,20131101,1
Barracuda Networks,CUDA,20131106,1
Karyopharm Therapeutics,KPTI,20131106,1
Wix.com Ltd,WIX,20131106,1
Mavenir Systems,MVNR,20131107,1
Twitter,TWTR,20131107,1
JGWPT Holdings LLC,JGW,20131108,2
NMI Holdings,NMIH,20131108,2
Chegg,CHGG,20131113,1
Tandem Diabetes Care,TNDM,20131114,1
Relypsa,RLYP,20131115,1
Zulily,ZU,20131115,1
Navigator Holdings Ltd,NVGS,20131121,2
Ideal Power,IPWR,20131122,1
Oxford Immunotec Global PLC,OXFD,20131122,1
Sungy Mobile Ltd,GOMO,20131122,1
Xencor Inc,XNCR,20131202,1
Tetralogic Pharmaceuticals,TLOG,20131212,1
Nimble Storage Inc,NMBL,20131213,1
GlycoMimetics,GLYC,20140110,1
RSP Permian,RSPP,20140117,2
Santander Consumer USA Hold,SC,20140123,2
Care.com,CRCM,20140124,1
Rice Energy,RICE,20140124,2
Celladon,CLDN,20140130,1
Dicerna Pharmaceuticals,DRNA,20140130,1
Cara Therapeutics,CARA,20140131,1
New Home Co,NWHM,20140131,2
Trevena,TRVN,20140131,1
Ultragenyx Pharmaceutical,RARE,20140131,1
Auspex Pharmaceuticals,ASPX,20140205,1
Genocea Biosciences,GNCA,20140205,1
uniQure BV,QURE,20140205,1
Egalet,EGLT,20140206,1
Eleven Biotherapeutics,EBIO,20140206,1
Ladder Capital,LADR,20140206,2
Revance Therapeutics,RVNC,20140206,1
Argos Therapeutics,ARGS,20140207,1
NephroGenex,NRX,20140211,1
Eagle Pharmaceuticals,EGRX,20140212,1
Flexion Therapeutics,FLXN,20140212,1
Talmer Bancorp,TLMR,20140212,1
Amedica,AMDA,20140213,1
Concert Pharmaceuaticals,CNCE,20140213,1
Installed Building Products,IBP,20140213,2
Inogen,INGN,20140214,1
Lumenis Ltd,LMNS,20140227,2
Varonis Systems,VRNS,20140228,1
Aquinox Pharmaceuticals Inc,AQXP,20140306,1
Coupons.com Inc,COUP,20140306,1
Recro Pharma Inc,REPH,20140306,1
Achaogen Inc,AKAO,20140312,1
Castlight Health Inc,CSLT,20140313,1
Paylocity Holding Corp,PCTY,20140319,1
Akebia Therapeutics Inc,AKBA,20140320,1
Q2 Holdings Inc,QTWO,20140320,1
A10 Networks Inc,ATEN,20140321,1
Amber Road Inc,AMBR,20140321,1
Borderfree Inc,BRDR,20140321,1
Versartis Inc,VSAR,20140321,1
King Digital Entertainment plc,KING,20140326,1
Applied Genetic Technologies,AGTC,20140327,1
Square 1 Financial,SQBK,20140327,1
TriNet Group,TNET,20140327,2
"2U, Inc",TWOU,20140328,1
Aerohive Networks,HIVE,20140328,1
Everyday Health,EVDY,20140328,1
The Rubicon Project Inc,RUBI,20140402,1
Corium International Inc,CORI,20140403,1
Tarena International Inc,TEDU,20140403,1
Five9 Inc,FIVN,20140404,1
GrubHub Inc,GRUB,20140404,1
Opower Inc,OPWR,20140404,1
iKang Healthcare Group Inc,KANG,20140409,1
Adamas Pharmaceuticals Inc,ADMS,20140410,1
Cerulean Pharma Inc,CERU,20140410,1
Zoe's Kitchen Inc,ZOES,20140411,2
City Office REIT Inc,CIO,20140415,1
Paycom Software Inc,PAYC,20140415,1
TriVascular Technologies Inc,TRIV,20140416,1
Vital Therapies Inc,VTL,20140417,1
Quotient Ltd,QTNTU,20140425,1
Aldeyra Therapeutics Inc,ALDX,20140502,1
SCYNEXIS Inc,SCYX,20140502,1
Alder BioPharmaceuticals Inc,ALDR,20140508,1
Cheetah Mobile Inc,CMCM,20140508,1
Tuniu Corp,TOUR,20140509,1
Zendesk Inc,ZEN,20140515,1
Jumei Intl Hldg Ltd,JMEI,20140516,1
TrueCar Inc,True,20140516,1
JD.com Inc,JD.,20140522,1
Agile Therapeutics Inc,AGRX,20140523,1
Arista Networks Inc,ANET,20140606,1
Radius Health Inc,RDUS,20140606,1
MobileIron Inc,MOBL,20140612,1
Aspen Aerogels Inc,ASPN,20140613,2
Memorial Resource Dvlp Corp,MRD,20140613,2
ZS Pharma Inc,ZSPH,20140618,1
Ardelyx Inc,ARDX,20140619,1
Zafgen Inc,ZFGN,20140619,1
Eclipse Resources Corp,ECR,20140620,2
Kite Pharma Inc,KITE,20140620,1
Xunlei Ltd,XNET,20140624,1
Amphastar Pharmaceuticals Inc,AMPH,20140625,1
Imprivata Inc,IMPR,20140625,1
GoPro Inc,GPRO,20140626,1
Minerva Neurosciences Inc,NERV,20140701,1
GlobeImmune Inc,GBIM,20140702,1
CareDx Inc,CDNA,20140716,1
Roka Bioscience Inc,ROKA,20140717,1
Globant SA,GLOB,20140718,1
SAGE Therapeutics Inc,SAGE,20140718,1
Trupanion Inc,TRUP,20140718,1
TubeMogul Inc,TUBE,20140718,1
Immune Design Corp,IMDZ,20140723,1
Intersect ENT Inc,XENT,20140723,1
Innocoll AG,INNL,20140724,1
Ocular Therapeutix Inc,OCUL,20140724,1
Pfenex Inc,PFNX,20140724,1
Spark Energy Inc,SPKE,20140729,1
Avalanche Biotechnologies Inc,AAVL,20140731,1
HealthEquity Inc,HQY,20140731,1
Macrocure Ltd,MCUR,20140731,1
Marinus Pharmaceuticals Inc,MRNS,20140731,1
Loxo Oncology Inc,LOXO,20140801,1
Mobileye NV,MBLY,20140801,1
Auris Medical Holding AG,EARS,20140806,1
T2 Biosystems Inc,TTOO,20140807,1
iDreamSky Technology Ltd,DSKY,20140807,1
Independence Contract Drilling,ICD,20140808,2
Otonomy Inc,OTIC,20140813,1
Affimed Therapeutics BV,AFMD,20140912,1
ReWalk Robotics Ltd,RWLK,20140912,1
Tokai Pharmaceuticals Inc,TKAI,20140917,1
ProQR Therapeutics BV,PRQR,20140918,1
Alibaba Group Holding Ltd,BABA,20140919,1
CyberArk Software Ltd,CYBR,20140924,1
Vitae Pharmaceuticals Inc,VTAE,20140924,1
Vascular Biogenics Ltd,VBLT,20141001,1
Calithera Biosciences Inc,CALA,20141002,1
Wayfair Inc,W,20141002,1
Dermira Inc,DERM,20141003,1
Yodlee Inc,YDLE,20141003,1
HubSpot Inc,HUBS,20141009,1
Forward Pharma A/S,FWP,20141015,1
Atara Biotherapeutics Inc,ATRA,20141016,1
Proteon Therapeutics Inc,PRTO,20141022,1
Sientra Inc,SIEN,20141029,1
Xenon Pharmaceuticals Inc,XENE,20141105,1
Coherus Biosciences Inc,CHRS,20141106,1
Nevro Corp,NVRO,20141106,1
Upland Software Inc,UPLD,20141106,2
Capnia Inc,CAPN,20141113,1
Sky Solar Holdings Ltd,SKYS,20141113,1
FibroGen Inc,FGEN,20141114,1
Neuroderm Ltd,NDRM,20141114,1
Virgin America Inc,VA,20141114,2
eHi Car Services Ltd,EHIC,20141118,1
Second Sight Med Prod Inc,EYES,20141119,1
Neothetics Inc,NEOT,20141120,1
The Habit Restaurants Inc,HABT,20141120,2
Histogenics Corp,HSGX,20141203,1
LendingClub Corp,LC,20141211,1
Momo Inc,MOMO,20141211,1
Avolon Holdings Ltd,AVOL,20141212,2
Hortonworks Inc,HDP,20141212,1
New Relic Inc,NEWR,20141212,1
Workiva LLC,WK,20141212,1
On Deck Capital Inc,ONDK,20141217,1
Bellicum Pharmaceuticals Inc,BLCM,20141218,1
Juno Therapeutics Inc,JUNO,20141219,1
Box Inc,BOX,20150123,1
Zosano Pharma Corp,ZSAN,20150127,1
Ascendis Pharma A/S,ASND,20150128,1
Entellus Medical Inc,ENTL,20150129,1
Flex Pharma Inc,FLKS,20150129,1
Avinger Inc,AVGR,20150130,1
Shake Shack Inc,SHAK,20150130,2
Spark Therapeutics Inc,ONCE,20150130,1
TRACON Pharmaceuticals Inc,TCON,20150130,1
Nexvet Biopharma plc,NVET,20150204,1
Invitae Corp,NVTA,20150212,1
Bellerophon Therapeutics LLC,BLPH,20150213,1
Inotek Pharmaceuticals Corp,ITEK,20150218,1
Check-Cap Ltd,CHEKU,20150219,1
MaxPoint Interactive Inc,MXPT,20150306,1
Summit Materials Inc,SUM,20150312,2
SteadyMed Ltd,STDY,20150320,1
SolarEdge Technologies Inc,SEDG,20150326,1
Wowo Ltd,WOWO,20150408,1
Carbylan Therapeutics Inc,CBYL,20150409,1
Aduro BioTech Inc,ADRO,20150415,1
Cidara Therapeutics Inc,CDTX,20150415,1
Etsy Inc,ETSY,20150416,1
KemPharm Inc,KMPH,20150416,1
Virtu Financial Inc,VIRT,20150416,2
Apigee Corp,APIC,20150424,1
Blueprint Medicines Corp,BPMC,20150430,1
Arowana Inc,ARWAU,20150501,1
OpGen Inc,OPGN,20150505,1
Adaptimmune Therapeutics plc,ADAP,20150506,1
CoLucid Pharmaceuticals Inc,CLCD,20150506,1
HTG Molecular Diagnostics Inc,HTGM,20150506,1
Collegium Pharmaceutical Inc,COLL,20150507,1
aTyr Pharma Inc,LIFE,20150507,1
Jaguar Animal Health Inc,JAGX,20150513,1
Arcadia Biosciences Inc,RKDA,20150515,1
Shopify Inc,SHOP,20150521,1
DAVIDsTea Inc,DTEA,20150605,2
EndoChoice Holdings Inc,GI,20150605,1
Evolent Health Inc,EVH,20150605,1
Invuity Inc,IVTY,20150615,1
Nivalis Therapeutics Inc,NVLS,20150617,1
Fitbit Inc,FIT,20150618,1
MINDBODY Inc,MB,20150619,1
Ritter Pharmaceuticals Inc,RTTR,20150624,1
Catabasis Pharmaceuticals Inc,CATB,20150625,1
Glaukos Corp,GKOS,20150625,1
Alarm.com Holdings Inc,ALRM,20150626,1
AppFolio Inc,APPF,20150626,1
Seres Therapeutics Inc,MCRB,20150626,1
Xactly Corp,XTLY,20150626,1
ConforMIS Inc,CFMS,20150701,1
Teladoc Inc,TDOC,20150701,1
Natera Inc,NTRA,20150702,1
Chiasma Inc,CHMA,20150716,1
ProNAi Therapeutics Inc,DNAI,20150716,1
Ooma Inc,OOMA,20150717,1
Rapid7 Inc,RPD,20150717,1
Blue Buffalo Pet Products Inc,BUFF,20150722,2
Neos Therapeutics Inc,NEOS,20150723,1
Sunrun Inc,RUN,20150805,2
Zynerba Pharmaceuticals Inc,ZYNE,20150805,1
Aimmune Therapeutics Inc,AIMT,20150806,1
Global Blood Therapeutics Inc,GBT,20150812,1
Conifer Holdings Inc,CNFR,20150813,2
Regenxbio Inc,RGNX,20150917,1
Nabriva Therapeutics,NBRV,20150918,1
Penumbra Inc,PEN,20150918,1
Edge Therapeutics Inc,EDGE,20151001,1
Mirna Therapeutics Inc,MIRN,20151001,1
Surgery Partners Inc,SGRY,20151001,2
Novocure Ltd,NVCR,20151002,1
Aclaris Therapeutics Inc,ACRS,20151007,1
Pure Storage Inc,PSTG,20151007,1
CytomX Therapeutics Inc,CTMX,20151008,1
Cerecor Inc,CERC,20151015,1
Dimension Therapeutics Inc,DMTX,20151022,1
Adesto Technologies Corp,IOTS,20151027,1
MyoKardia Inc,MYOK,20151029,1
Advanced Accelerator,AAAP,20151111,1
Voyager Therapeutics Inc,VYGR,20151111,1
WaVe Life Sciences Ltd,WVE,20151111,1
Instructure Inc,INST,20151113,1
Xtera Communications Inc,XCOM,20151113,1
Mimecast Ltd,MIME,20151119,1
Square Inc,SQ,20151119,1
Atlassian Corp PLC,TEAM,20151209,1
Editas Medicine Inc,EDIT,20160203,1
AveXis Inc,AVXS,20160211,1
Proteostasis Therapeutics Inc,PTI,20160211,1
Syndax Pharmaceuticals Inc,SNDX,20160303,1
Corvus Pharmaceuticals Inc,CRVS,20160323,1
Aeglea BioTherapeutics Inc,AGLE,20160406,1
Amer Renal Assoc Hldg Inc,ARA,20160421,2
PAVmed Inc,PAVMU,20160428,1
Intellia Therapeutics Inc,NTLA,20160506,1
Spring Bank Pharms Inc,SBPH,20160506,1
Acacia Communications Inc,ACIA,20160513,1
PhaseRx Inc,PZRX,20160518,1
Merus BV,MRUS,20160519,1
Reata Pharmaceuticals Inc,RETA,20160526,1
Clearside Biomedical Inc,CLSD,20160602,1
China Online Education Group,COE,20160610,1
Selecta Biosciences Inc,SELB,20160622,1
Twilio Inc,TWLO,20160623,1
Syros Pharmaceuticals Inc,SYRS,20160630,1
Audentes Therapeutics Inc,BOLD,20160720,1
Impinj Inc,PI,20160721,1
TPI Composites Inc,TPIC,20160722,2
Kadmon Holdings LLC,KDMN,20160727,1
Kinsale Capital Group Inc,KNSL,20160728,2
Tactile  Systems Technology,TCMD,20160728,1
Talend SA,TLND,20160729,1
Protagonist Therapeutics Inc,PTGX,20160811,1
Airgain Inc,AIRG,20160812,1
Everbridge Inc,EVBG,20160916,1
Novan Inc,NOVN,20160921,1
Trade Desk Inc,TTD,20160921,1
e l f Beauty Inc,ELF,20160922,2
Apptio Inc,APTI,20160923,1
Tabula Rasa HealthCare Inc,TRHC,20160929,1
Nutanix Inc,NTNX,20160930,1
Advanced Disposal Services Inc,ADSW,20161006,2
AquaVenture Holdings LLC,WAAS,20161006,2
Coupa Software Inc,COUP,20161006,1
Obalon Therapeutics Inc,OBLN,20161006,1
EverSpin Technologies,MRAM,20161007,1
AzurRx BioPharma Inc,AZRX,20161011,1
Azure Power Global Ltd,AZRE,20161012,1
Extraction Oil & Gas Inc,XOG,20161012,2
Mammoth Energy Services Inc,TUSK,20161014,2
CRISPR Therapeutics AG,CRSP,20161019,1
iRhythm Technologies Inc,IRTC,20161020,1
Ra Pharmaceuticals Inc,RARX,20161026,1
ZTO Express (Cayman) Inc,ZTO,20161027,2
Blackline Inc,BL,20161028,1
Quantenna Communications Inc,QTNA,20161028,1
GDS Services Ltd,GDS,20161102,1
Smart Sand,SND,20161104,2
Athene Holding Ltd,ATH,20161209,2
Wildhorse Resource Dvlp Corp,WRD,20161214,2
travel BV (trivago),TRVG,20161216,1
AnaptysBio Inc,ANAB,20170126,1
Obseva SA,OBSV,20170126,1
Jagged Peak Energy Inc,JAG,20170127,2
Jounce Therapeutics Inc,JNCE,20170127,1
REV Group Inc,REVG,20170127,2
Invitation Homes Inc,INVH,20170201,2
Ramaco Resources Inc,METC,20170203,2
Snap Inc,SNAP,20170302,1
Canada Goose Holdings Inc,GOOS,20170316,2
MuleSoft Inc,MULE,20170317,1
ProPetro Holding Corp,PUMP,20170317,2
Alteryx Inc,AYX,20170324,1
Elevate Credit Inc,ELVT,20170406,1
Okta Inc,OKTA,20170407,1
Netshoes (Cayman) Ltd,NETS,20170412,1
Yext Inc,YEXT,20170413,1
Select Energy Services Inc,WTTR,20170421,2
Floor & Decor Holdings Inc,FND,20170427,2
Cloudera Inc,CLDR,20170428,1
Zymeworks Inc,ZYME,20170428,1
Biohaven Pharmaceutical Hldg,BHVN,20170504,1
Urogen Pharma Ltd,URGN,20170504,1
Ovid Therapeutics Inc,OVID,20170505,1
Solaris Oilfield,SOI,20170512,1
Veritone Inc,VERI,20170512,1
G1 Therapeutics Inc,GTHX,20170517,1
Appian Corp,APPN,20170525,1
KBL Merger IV Corp,KBLMU,20170602,1
ShotSpotter Inc,SSTI,20170607,1
Esquire Financial Holdings Inc,ESQ,20170627,2
Mersana Therapeutics Inc,MRSN,20170628,1
Aileron Therapeutics Inc,ALRN,20170629,1
Blue Apron Holdings Inc,APRN,20170629,1
Dova Pharmaceuticals Inc,DOVA,20170629,1
Tintri Inc,TNTR,20170630,1
Co-Diagnostics Inc,CODX,20170712,1
Kala Pharmaceuticals Inc,KALA,20170720,1
PetIQ Inc,PETQ,20170721,2
Sienna Biopharmaceuticals Inc,SNNA,20170727,1
Redfin Corp,RDFN,20170728,1
Clementia Pharmaceuticals Inc,CMTA,20170802,1
Social Capital Hedosophia,IPOAU,20170914,1
Celcuity LLC,CELC,20170920,1
Despegar.com Corp,DESP,20170920,1
Zai Lab Ltd,ZLAB,20170920,1
Arcimoto,FUV,20170921,1
Secoo Holding Ltd,SECO,20170922,1
Deciphera Pharmaceuticals LLC,DCPH,20170928,1
Nightstar Therapeutics Ltd,NITE,20170928,1
NuCana plc,NCNA,20170928,1
Roku Inc,ROKU,20170928,1
Rhythm Pharmaceuticals Inc,RYTM,20171005,1
Cargurus Inc,CARG,20171012,1
Restoration Robotics Inc,HAIR,20171012,1
Optinose Inc,OPTN,20171013,1
MongoDB,MDB,20171019,1
Sea Ltd,SE,20171020,1
Forescout Technologies Inc,FSCT,20171027,1
Allena Pharms Inc,ALNA,20171102,1
Funko Inc,FNKO,20171102,2
Spero Therapeutics Inc,SPRO,20171102,1
Acm Research Inc,ACMR,20171103,1
Aquantia Corp,AQ,20171103,1
Apellis Pharmaceuticals Inc,APLS,20171109,1
Bandwidth Inc,BAND,20171110,1
SendGrid Inc,SEND,20171115,1
Arsanis Inc,ASNS,20171116,1
Jianpu Technology Inc,JT,20171116,1
Stitch Fix Inc,SFIX,20171117,1
scPharmaceuticals Inc,SCPH,20171117,1
Reto Eco-Solutions Inc,RETO,20171129,1
Boxlight Corp,BOXL,20171130,1
Odonate Therapeutics Llc,ODT,20171207,1
Quanterix Corp,QTRX,20171207,1
Denali Therapeutics Inc,DNLI,20171208,1
Casa Systems Inc,CASA,20171215,1
LexinFintech Holdings,LX,20171221,1
iClick Interactive Asia Group,ICLK,20171222,1
Cue Biopharma Inc,CUE,20180102,1
Liberty Oilfield Services Inc,LBRT,20180112,2
Eyenovia Inc,EYEN,20180125,1
Menlo Therapeutics Inc,MNLO,20180125,1
Armo Biosciences Inc,ARMO,20180126,1
Solid Biosciences LLC,SLDB,20180126,1
resTORbio Inc,TORC,20180126,1
Cactus Inc,WHD,20180208,2
Huami Corp,HMI,20180208,1
Cardlytics Inc,CDLX,20180209,1
Quintana Energy Services Inc,QES,20180209,2
Motus GI Holdings Inc,MOTS,20180214,1
Arcus Biosciences Inc,RCUS,20180315,1
Tiberius Acq Corp,TIBRU,20180316,1
Zscaler Inc,ZS,20180316,1
Dropbox Inc,DBX,20180323,1
Bilibili Inc,BILI,20180328,1
Homology Medicines Inc,FIXX,20180328,1
Onesmart International,ONE,20180328,1
Beijing Iqiyi Tech Co Ltd,IQ,20180329,1
Unum Therapeutics Inc,UMRX,20180329,1
Spotify Technology S.A.,SPOT,20180403,1
Zuora Inc,ZUO,20180412,1
Surface Oncology Inc,SURF,20180419,1
Pivotal Software,PVTL,20180420,1
nLIGHT Inc,LASR,20180426,1
DocuSign Inc,DOCU,20180427,1
Smartsheet Inc,SMAR,20180427,1
Inspire Medical Systems Inc,INSP,20180503,1
UNITY Biotechnology Inc,UBX,20180503,1
Carbon Black Inc,CBLK,20180504,1
Construction Partners Inc,ROAD,20180504,2
Evelo Biosciences Inc,EVLO,20180509,1
Huya Inc,HUYA,20180511,1
Pluralsight Inc,PS,20180517,1
GreenSky Inc,GSKY,20180524,2
Kiniksa Pharmaceuticals LTD,KNSA,20180524,1
Scholar Rock Holding Corp,SRRK,20180524,1
Iterum Therapeutics PLC,ITRM,20180525,1
Hancock Jaffe Laboratories,HJLI,20180531,1
Meiragtx Holdings Plc,MGTX,20180608,1
Charah Solutions Inc,CHRA,20180614,2
Avalara Inc,AVLR,20180615,1
Verrica Pharmaceuticals Inc,VRCA,20180615,1
Eidos Therapeutics Inc,EIDX,20180620,1
AVROBIO Inc,AVRO,20180621,1
Aptinyx Inc,APTX,20180621,1
Autolus Therapeutics Ltd,AUTL,20180621,1
ElectroCore Llc,ECOR,20180621,1
I3 Verticals,IIIV,20180621,2
Kezar Life Sciences Inc,KZR,20180621,1
Magenta Therapeutics,MGTA,20180621,1
Xeris Pharmaceuticals Inc,XERS,20180621,1
Neon Therapeutics,NTGN,20180627,1
Uxin Ltd,UXIN,20180627,1
Entera Bio Ltd,ENTX,20180628,1
Everquote Inc,EVER,20180628,1
Forty Seven Inc,FTSV,20180628,1
Neuronetics Inc,STIM,20180628,1
Translate Bio Inc,TBIO,20180628,1
Tricida Inc,TCDA,20180628,1
Domo Inc,DOMO,20180629,1
Coastal Financial Corp,CCB,20180718,1
Crinetics Pharmaceuticals Inc,CRNX,20180718,1
Rubius Therapeutics Inc,RUBY,20180718,1
Allakos Inc,ALLK,20180719,1
Constellation Pharm Inc,CNST,20180719,1
Establishment Labs Hldg Inc.,ESTA,20180719,2
Tilray Inc,TLRY,20180719,2
Replimune Group Inc,REPL,20180720,1
Provention Bio Inc,PRVB,20180724,1
Aquestive Therapeutics Inc,AQST,20180725,1
Bloom Energy Corp,BE,20180725,1
Berry Petro Corp,BRY,20180726,2
Focus Financial Partners Inc,FOCS,20180726,2
Liquidia Technologies Inc,LQDA,20180726,1
Tenable Holdings Inc,TENB,20180726,1
Sonos Inc,SONO,20180802,1
Aridis Pharmaceuticals Inc,ARDS,20180814,1
Bionano Genomics Inc,BNGOU,20180821,1
Principia Biopharma Inc,PRNB,20180914,1
Eventbrite Inc,EB,20180920,1
Farfetch Ltd,FTCH,20180921,1
Y-MABS Therapeutics Inc,YMAB,20180921,1
Arco Platform Ltd,ARCE,20180926,1
Capital Bancorp Inc,CBNK,20180926,1
Entasis Therapeutics Hldg Inc,ETTX,20180926,1
SVMK Inc,SVMK,20180926,1
Sutro Biopharma Inc,STRO,20180926,1
Arvinas Holding Co LLC,ARVN,20180927,1
Cootek (Cayman) Inc,CTK,20180928,1
Gritstone Oncology Inc,GRTS,20180928,1
Upwork Inc,UPWK,20181003,1
Guardant Health Inc,GH,20181004,1
Elastic NV,ESTC,20181005,1
Allogene Therapeutics Inc.,ALLO,20181011,1
Anaplan Inc,PLAN,20181012,1
SI-Bone Inc,SIBN,20181017,1
PhaseBio Pharmaceuticals Inc,PHAS,20181018,1
Logicbio Therapeutics Inc,LOGC,20181019,1
Pintec Tech Hldg Ltd,PT,20181025,1
StoneCo Ltd,STNE,20181025,1
Gamida Cell Ltd,GMDA,20181026,1
Axonics Modulation Tech Inc,AXNX,20181031,1
Orchard Therapeutics PLC,ORTX,20181031,1
Twist Bioscience Corp,TWST,20181031,1
Vapotherm Inc,VAPO,20181114,1
Mogu Inc,MOGU,20181206,1
Moderna Inc,MRNA,20181207,1
Synthorx Inc,THOR,20181207,1
Tencent Music Ent Grp,TME,20181212,1
Alector Inc,ALEC,20190207,1
Gossamer Bio Inc,GOSS,20190208,1
Harpoon Therapeutics Inc,HARP,20190208,1
Avedro Inc,AVDR,20190214,1
TCR2 Therapeutics Inc,TCRR,20190214,1
Stealth Biotherapeutics Inc,MITO,20190215,1
Kaleido Biosciences Inc,KLDO,20190228,1
Shockwave Medical Inc,SWAV,20190307,1
Futu Holdings Ltd,FHL,20190308,1
Up Fintech Holding Ltd,TIGR,20190320,1
Precision Biosciences Inc,DTIL,20190328,1
Lyft Inc,LYFT,20190329,1
NGM Biopharmaceuticals Inc,NGM,20190404,1
Silk Road Medical Inc,SILK,20190404,1
Pagerduty Inc,PD,20190411,1
Tufin Software Tech Ltd,TUFN,20190411,1
Turning Point Therapeutics,TPTX,20190417,1
Hookipa Pharma Inc,HOOK,20190418,1
Pinterest Inc,PINS,20190418,1
Zoom Video Communications Inc,ZM,20190418,1
Beyond Meat Inc,BYND,20190502,1
So-Young International Inc,SY,20190502,1
Transmedics Group Inc,TMDX,20190502,1
Yunji Inc,YJ,20190503,1
Trevi Therapeutics Inc,TRVI,20190507,1
Axcella Health Inc,AXLA,20190509,1
Cortexyme Inc,CRTX,20190509,1
Milestone Pharmaceuticals Inc,MIST,20190509,1
NextCure Inc,NXTC,20190509,1
Sonim Technologies Inc,SONM,20190510,2
Uber Technologies Inc,UBER,20190510,1
Applied Therapeutics Inc,APLT,20190514,1
Fastly Inc,FSLY,20190517,1
Luckin Coffee Inc,LK,20190517,2
Bicycle Therapeutics Ltd,BCYC,20190523,1
Ideaya Biosciences Inc,IDYA,20190523,1
Crowdstrike Holdings Inc,CRWD,20190612,1
Fiverr International Ltd,FVRR,20190613,1
Stoke Therapeutics Inc,STOK,20190619,1
Akero Therapeutics Inc,AKRO,20190620,1
Atreca Inc,BCEL,20190620,1
Personalis Inc,PSNL,20190620,1
Prevail Therapeutics Inc,PRVL,20190620,1
Slack,WORK,20190620,1
Adaptive Biotechnologies Corp,ADPT,20190627,1
BridgeBio Pharma Inc,BBIO,20190627,1
Morphic Holding Inc,MORF,20190627,1
Karuna Therapeutics Inc,KRTX,20190628,1
The Realreal Inc,REAL,20190628,1
Douyu International Holdings,DOYU,20190717,1
Fulcrum Therapeutics Inc,FULC,20190718,1
Mirum Pharmaceuticals Inc,MIRM,20190718,1
Phreesia Inc,PHR,20190718,1
Medallia Inc,MDLA,20190719,1
Castle Biosciences Inc,CSTL,20190725,1
Health Catalyst Inc,HCAT,20190725,1
Livongo Health Inc,LVGO,20190725,1
Sunnova Energy Intl Inc,NOVA,20190725,1
InMode Ltd,INMD,20190808,1
10X Genomics Inc,TXG,20190912,1
SmileDirectClub Inc,SDC,20190912,2
Cloudflare Inc,NET,20190913,1
Satsuma Pharmaceuticals Inc,STSA,20190913,1
Springworks Therapeutics Inc,SWTX,20190913,1
IGM Biosciences Inc,IGMS,20190918,1
Datadog Inc,DDOG,20190919,1
Exagen Inc,XGN,20190919,1
Oportun Financial Corp,OPRT,20190926,1
Peloton Interactive Inc,PTON,20190926,2
Aprea Therapeutics Inc,APRE,20191003,1
Frequency Therapeutics Inc,FREQ,20191003,1
Viela Bio Inc,VIE,20191003,1
Vir Biotechnology Inc,VIR,20191011,1
Aesthetic Medical,AIH,20191025,1
Cabaletta Bio Inc,CABA,20191025,1
Phathom Pharmaceuticals Inc,PHAT,20191025,1
Progyny Inc,PGNY,20191025,1
TFF Pharmaceuticals Inc,TFFP,20191025,1
Oyster Point Pharma Inc,OYST,20191031,1
RAPT Therapeutics Inc,RAPT,20191031,1
Fangdd Network Group Ltd,DUO,20191101,1
Finserv Acq Corp,FSRVU,20191101,1
Osprey Tech Acq Corp,SFTW.,20191101,1
Centogene BV,CNTG,20191107,1
Galera Therapeutics Inc,GRTX,20191107,1
Silvergate Capital Corp,SI,20191107,1
36kr Hldg Inc,KRKR,20191108,1
Ecmoho Ltd,MOHO,20191108,1
TELA Bio Inc,TELA,20191108,1
89bio Inc,ETNB,20191111,1
XP Inc,XP,20191211,1
Bill.com Holdings Inc,BILL,20191212,1
Sprout Social Inc,SPT,20191213,1
Molecular Data,MKD,20191230,1
Lizhi Inc,LIZI,20200117,1
Velocity Financial LLC,VEL,20200117,2
Black Diamond Therapeutics Inc,BDTX,20200130,1
1Life Healthcare Inc,ONEM,20200131,1
Arcutis Biotherapeutics Inc,ARQT,20200131,1
Beam Therapeutics Inc,BEAM,20200206,1
Casper Sleep Inc,CSPR,20200206,1
Schrodinger Inc,SDGR,20200206,2
OneWater Marine Inc,ONEW,20200207,2
Revolution Medicines Inc,RVMD,20200213,1
Passage Bio Inc,PASG,20200228,1
GFL Environmental Inc,GFL,20200303,2
Imara Inc,IMRA,20200312,1
Wimi Hologram Cloud Inc,WIMI,20200401,1
Zentalis Pharmaceuticals LLC,ZNTL,20200403,1
Keros Therapeutics Inc,KROS,20200408,1
Oric Pharmaceuticals Inc,ORIC,20200424,1
Lyra Therapeutics Inc,LYRA,20200501,1
Ayala Pharmaceuticals Inc,AYLA,20200508,1
SelectQuote Inc,SLQT,20200521,2
Inari Medical Inc,NARI,20200522,1
Pliant Therapeutics Inc,PLRX,20200603,1
ZoomInfo Technologies Inc,ZI,20200604,2
Applied Molecular Transport,AMTI,20200605,1
Dada Nexus Ltd,DADA,20200605,1
Shift4 Payments Inc,FOUR,20200605,2
Vroom Inc,VRM,20200609,1
UCloudLink Group Inc,UCL,20200610,1
Lantern Pharma Inc,LTRN,20200611,1
AZEK Co Inc,AZEK,20200612,2
Avidity Biosciences Inc,RNA,20200612,1
Burning Rock Biotech Ltd,BNR,20200612,1
Generation Bio Co,GBIO,20200612,1
Vaxcyte Inc,PCVX,20200612,1
Royalty Pharma Plc,RPRX,20200616,1
Forma Therapeutics Hldg Inc,FMTX,20200619,1
Progenity Inc,PROG,20200619,1
Repare Therapeutics Inc,RPTX,20200619,1
Agora Inc,API,20200626,1
Akouos Inc,AKUS,20200626,1
Fusion Pharmaceuticals Inc,FUSN,20200626,1
PolyPid Ltd,PYPD,20200626,1
Accolade Inc,ACCD,20200702,1
Lemonade Inc,LMND,20200702,1
Bluecity Hldg Ltd,BLCT,20200708,1
Nkarta Inc,NKTX,20200710,1
Poseida Therapeutics Inc,PSTX,20200710,1
Quhuo Ltd,QH,20200710,1
nCino Inc,NCNO,20200714,1
GoHealth Inc,GOCO,20200715,1
Relay Therapeutics Inc,RLAY,20200716,1
ALX Oncology Holdings Inc,ALXO,20200717,1
Berkeley Lights Inc,BLI,20200717,1
Pandion Therapeutics Inc,PAND,20200717,1
Annexon Inc,ANNX,20200724,1
Inozyme Pharma Inc,INZY,20200724,1
Nurix Therapeutics Inc,NRIX,20200724,1
iTeos Therapeutics Inc,ITOS,20200724,1
Allovir Inc,ALVR,20200730,1
Vital Farms Inc,VITL,20200731,1
BigCommerce Holdings Inc,BIGC,20200805,1
Acutus Medical Inc,AFIB,20200806,1
Oak Street Health Inc,OSH,20200806,2
Checkmate Pharmaceuticals Inc,CMPI,20200807,1
Freeline Therapeutics Hldg,FRLN,20200807,1
KE Holdings Inc,BEKE,20200813,1
Duck Creek Technologies,DCT,20200814,2
Harmony Biosciences Hldg Inc,HRMY,20200819,1
Inhibrx Inc,INBX,20200819,1
Kymera Therapeutics Inc,KYMR,20200821,1
Nano-X Imaging Ltd,NNOX,20200821,1
XPeng Inc,XPEV,20200827,1
PainReform Ltd,PRFX,20200901,1
Outset Medical Inc,OM,20200915,1
JFrog Ltd,FROG,20200916,1
Metacrine Inc,MTCR,20200916,1
Snowflake Inc,SNOW,20200916,1
American Well Corp,AMWL,20200917,1
Dyne Therapeutics Inc,DYN,20200917,1
Sumo Logic Inc,SUMO,20200917,1
Athira Pharma Inc,ATHA,20200918,1
Compass Pathways Plc,CMPS,20200918,1
Unity Software Inc,U,20200918,1
GoodRx Holdings Inc,GDRX,20200923,1
Laird Superfood Inc,LSF,20200923,1
Taysha Gene Therapies Inc,TSHA,20200924,1
Graybug Vision Inc,GRAY,20200925,1
PMV Pharmaceuticals Inc,PMVP,20200925,1
Prelude Therapeutics Inc,PRLD,20200925,1
"Asana, Inc.",ASAN,20200930,1
Palantir Technologies,PLTR,20200930,1
Pulmonx Corp,LUNG,20201001,1
C4 Therapeutics Inc,CCCC,20201002,1
Oncorus Inc,ONCR,20201002,1
Aziyo Biologics Inc,AZYO,20201008,2
fuboTV Inc.,FUBO,20201008,1
Kronos Bio Inc,KRON,20201009,1
Shattuck Labs Inc,STTK,20201009,1
Spruce Biosciences Inc,SPRB,20201009,1
Codiak Biosciences Inc,CDAK,20201014,1
MINISO Group Holding Ltd,MNSO,20201015,2
Aligos Therapeutics Inc,ALGS,20201016,1
Eargo Inc,EAR,20201016,1
Praxis Precision Medicines Inc,PRAX,20201016,1
Tarsus Pharmaceuticals Inc,TARS,20201016,1
Foghorn Therapeutics Inc,FHTX,20201023,1
Lux Health Tech Acq Corp,LUXAU,20201027,1
Biodesix Inc,BDSX,20201028,1
GATOS Silver,GATO,20201028,2
Root Inc,ROOT,20201028,1
Allegro MicroSystems Inc,ALGM,20201029,2
Galecto Inc,GLTO,20201029,1
Atea Pharmaceuticals Inc,AVIR,20201030,1
SQZ Biotechnologies Co,SQZ,20201030,1
Olema Pharmaceuticals Inc,OLMA,20201119,1
Yatsen Hldg Ltd,YSG,20201119,2
Ozon Holdings PLC,OZON,20201124,1
Kinnate Biopharma Inc,KNTE,20201203,1
17 Educ & Tech Grp Inc,YQ,20201204,1
Seer Inc,SEER,20201204,1
Sigilon Therapeutics Inc,SGTX,20201204,1
Silverback Therapeutics Inc,SBTX,20201204,1
C3.ai Inc,AI,20201209,1
DoorDash Inc,DASH,20201209,1
HumanCo Acquisition Corp,HMCOU,20201209,1
PubMatic Inc,PUBM,20201209,1
Airbnb Inc,ABNB,20201210,1
4D Molecular Therapeutics Inc,FDMT,20201211,1
AbCellera Biologics Inc,ABCL,20201211,1
Certara Inc,CERT,20201211,2
Thayer Ventures Acquisition,TVACU,20201211,1
BioAtla Inc,BCAB,20201216,1
Contextlogic Inc,WISH,20201216,1
Upstart Holdings Inc,UPST,20201216,1
908 Devices Inc.,MASS,20201218,1
Cullinan Management Inc,CGEM,20210108,1
Affirm Holdings Inc,AFRM,20210113,1
Poshmark Inc,POSH,20210114,1
RLX Technology Inc,RLX,20210122,1
Home Point Capital Inc,HMPT,20210129,2
ON24 Inc,ONTF,20210203,1
Landos Biopharma Inc,LABP,20210204,1
Sana Biotechnology Inc,SANA,20210204,1
Sensei Biotherapeutics Inc,SNSE,20210204,1
Bolt Biotherapeutics Inc,BOLT,20210205,1
Immunocore Hldg Ltd,IMCR,20210205,1
Lucira Health Inc,LHDX,20210205,1
Pharvaris BV,PHVS,20210205,1
Terns Pharmaceuticals Inc,TERN,20210205,1
Vor Biopharma Inc,VOR,20210205,1
Adagene Inc,ADAG,20210209,1
Cloopen Group Holding Ltd,RAAS,20210209,1
loanDepot Inc,LDI,20210211,2
Decibel Therapeutics Inc,DBTX,20210212,1
NexImmune Inc,NEXI,20210212,1
Talis Biomedical Corp,TLIS,20210212,1
Oscar Health Inc,OSCR,20210303,1
InnovAge Holding Corp,INNV,20210304,2
Roblox,RBLX,20210310,1
Coupang Inc,CPNG,20210311,1
Longboard Pharmaceuticals Inc,LBPH,20210312,1
Prometheus Biosciences Inc,RXDX,20210312,1
Olo Inc,OLO,20210317,1
Gain Therapeutics Inc,GANX,20210318,1
Tuya Inc,TUYA,20210318,1
Connect Biopharma Hldg Ltd,CNTB,20210319,1
Instil Bio Inc,TIL,20210319,1
ACV Auctions Inc,ACVA,20210324,1
DigitalOcean Holdings Inc,DOCN,20210324,1
Cricut Inc,CRCT,20210325,1
Lava Therapeutics BV,LVTX,20210325,1
SEMrush Holdings Inc,SEMR,20210325,1
Alignment Healthcare Inc,ALHC,20210326,2
Design Therapeutics Inc,DSGN,20210326,1
Edgewise Therapeutics Inc,EWTX,20210326,1
Ikena Oncology Inc,IKNA,20210326,1
ThredUp Inc,TDUP,20210326,1
Zhihu Inc,ZH,20210326,1
Achilles Therapeutics PLC,ACHL,20210331,1
Coursera Inc,COUR,20210331,1
Compass Inc,COMP,20210401,1
Smart Share Global Ltd,EM,20210401,1
Reneo Pharmaceuticals Inc,RPHM,20210409,1
VectivBio Holding AG,VECT,20210409,1
Alkami Technology Inc,ALKT,20210414,1
Coinbase Global Inc,COIN,20210414,1
AppLovin Corp,APP,20210415,2
TuSimple Holdings Inc,TSP,20210415,1
agilon health inc,AGL,20210415,2
Akoya Biosciences Inc,AKYA,20210416,1
Recursion Pharmaceuticals Inc,RXRX,20210416,1
UiPath Inc,PATH,20210421,1
KnowBe4 Inc,KNBE,20210422,1
NeuroPace Inc,NPCE,20210422,1
Zymergen Inc,ZY,20210422,1
Impel NeuroPharma Inc,IMPL,20210423,1
Rain Therapeutics Inc,RAIN,20210423,1
Endeavor Group Holdings Inc,EDR,20210429,2
Vaccitech plc,VACC,20210430,1
Werewolf Therapeutics Inc,HOWL,20210430,1
Honest Co Inc,HNST,20210505,2
Talaris Therapeutics Inc,TALS,20210507,1
Waterdrop Inc,WDH,20210507,1
Global-E Online Ltd,GLBE,20210512,1
Similarweb Ltd,SMWB,20210512,1
Vera Therapeutics Inc,VERA,20210514,1
"SquareSpace, Inc.",SQSP,20210519,1
Oatly Group AB,OTLY,20210520,2
Procore Technologies Inc,PCOR,20210520,1
Flywire Corp,FLYW,20210526,1
"ZipRecruiter, Inc",ZIP,20210526,1
Day One Biopharmaceuticals Inc,DAWN,20210527,1
Figs Inc,FIGS,20210527,2
Singular Genomics Systems Inc,OMIC,20210527,1
Centessa Pharmaceuticals plc,CNTA,20210528,1
dLocal Ltd,DLO,20210603,1
Zhangmen Education Inc,ZME,20210608,1
Marqeta Inc,MQ,20210609,1
1stdibs.com Inc,DIBS,20210610,1
monday.com Ltd,MNDY,20210610,1
Janux Therapeutics Inc,JANX,20210611,1
Kanzhun Ltd,BZ,20210611,1
WalkMe Ltd,WKME,20210616,1
Lyell Immunopharma Inc,LYEL,20210617,1
Verve Therapeutics Inc,VERV,20210617,1
ATAI Life Sciences BV,ATAI,20210618,1
AiHuiShou International Co Ltd,RERE,20210618,1
Century Therapeutics Inc,IPSC,20210618,1
Codex DNA Inc,DNAY,20210618,1
Cyteir Therapeutics Inc,CYT,20210618,1
Femasys Inc,FEMY,20210618,1
Full Truck Alliance Co Ltd,YMM,20210622,1
Bright Health Group Inc,BHG,20210624,1
Confluent Inc,CFLT,20210624,1
Doximity Inc,DOCS,20210624,1
Monte Rosa Therapeutics Inc,GLUE,20210624,1
Elevation Oncology Inc,ELEV,20210625,1
GH Research PLC,GHRS,20210625,1
Graphite Bio Inc,GRPH,20210625,1
Missfresh Ltd,MF,20210625,1
Dingdong (Cayman) Ltd,DDL,20210629,1
Aerovate Therapeutics Inc,AVTE,20210630,1
CVRx Inc,CVRX,20210630,1
Clear Secure Inc,YOU,20210630,1
Didi Global Inc,DIDI,20210630,1
Legalzoom.Com Inc,LZ,20210630,1
SentinelOne Inc,S,20210630,1
Xometry Inc,XMTR,20210630,1
Acumen Pharmaceuticals Inc,ABOS,20210701,1
F45 Training Holdings Inc,FXLV,20210715,2
Rapid Micro Biosystems Inc,RPID,20210715,1
Sera Prognostics Inc,SERA,20210715,1
Sight Sciences Inc,SGHT,20210715,1
Blend Labs Inc,BLND,20210716,1
Erasca Inc,ERAS,20210716,1
Imago BioSciences Inc,IMGO,20210716,1
TScan Therapeutics Inc,TCRX,20210716,1
HCW Biologics Inc,HCWB,20210720,1
CS Disco Inc,LAW,20210721,1
Kaltura Inc,KLTR,20210721,1
VTEX,VTEX,20210721,1
AbSci Corp,ABSI,20210722,1
Couchbase Inc,BASE,20210722,1
Zenvia Inc,ZENV,20210722,1
Caribou Biosciences Inc,CRBU,20210723,1
Cytek Biosciences Inc,CTKB,20210723,1
Gambling.com Group Ltd,GAMB,20210723,1
Outbrain Inc,OB,20210723,1
Sophia Genetics SA,SOPH,20210723,1
Candel Therapeutics Inc,CADL,20210727,1
Duolingo Inc,DUOL,20210728,1
Icosavax Inc,ICVX,20210729,1
Nuvalent Inc,NUVL,20210729,1
Rallybio Corp,RLYB,20210729,1
Riskified Ltd,RSKD,20210729,1
Robinhood Markets Inc,HOOD,20210729,1
IN8BIO Inc,INAB,20210730,1
Immuneering Corp,IMRX,20210730,1
Omega Therapeutics Inc,OMGA,20210730,1
Rani Therapeutics Holding Inc,RANI,20210730,1
RxSight Inc,RXST,20210730,1
Tenaya Therapeutics Inc,TNYA,20210730,1
European Wax Center Inc,EWCZ,20210805,2
Adagio Therapeutics Inc,ADGI,20210806,1
Eliem Therapeutics Inc,ELYM,20210810,1
"Dermata Therapeutics, Inc.",DRMA,20210813,1
DICE Therapeutics Inc,DICE,20210915,1
Definitive Healthcare Corp,DH,20210915,2
Procept Biorobotics Corp,PRCT,20210915,1
Tyra Biosciences Inc,TYRA,20210915,1
ForgeRock Inc,FORG,20210916,1
A.K.A. Brands Holding Corp,AKA,20210922,2
Freshworks Inc,FRSH,20210922,1
Toast Inc,TOST,20210922,1
"Brilliant Earth Group, Inc.",BRLT,20210923,2
Remitly Global Inc,RELY,20210923,1
Cue Health Inc,HLTH,20210924,1
"Amplitude, Inc.",AMPL,20210928,1
Warby Parker Inc,WRBY,20210929,1
Exscientia PLC,EXAI,20211001,1
Theseus Pharmaceuticals Inc,THRX,20211007,1
Cognition Therapeutics Inc,CGTX,20211008,1
IsoPlexis Corp,ISO,20211008,1
Pyxis Oncology Inc,PYXS,20211008,1
AvidXchange Holdings Inc,AVDX,20211013,1
GitLab Inc,GTLB,20211014,1
Paragon 28 Inc,FNA,20211015,1
CYNGN Inc,CYN,20211020,1
Context Therapeutics Inc,CNTX,20211020,1
Ventyx Biosciences Inc,VTYX,20211021,1
Aris Water Solutions Inc,ARIS,20211022,2
Minerva Surgical Inc,UTRS,20211022,1
Xilio Therapeutics Inc,XLO,20211022,1
Arteris Inc,AIP,20211027,1
Rent The Runway Inc,RENT,20211027,2
Aura Biosciences Inc,AURA,20211029,1
Entrada Therapeutics Inc,TRDA,20211029,1
Sonendo Inc,SONX,20211029,1
Udemy Inc,UDMY,20211029,1
LianBio,LIAN,20211101,1
Allbirds Inc,BIRD,20211103,1
NerdWallet Inc,NRDS,20211104,1
IO Biotech Inc,IOBT,20211105,1
Real Good Food Company Inc,RGF,20211105,2
Expensify Inc,EXFY,20211110,1
Rivian Automotive Inc,RIVN,20211110,1
Backblaze Inc,BLZE,20211111,1
"Tivic Health Systems, Inc.",TIVC,20211111,1
Vaxxinity Inc,VAXX,20211111,1
Weave Communications Inc,WEAV,20211111,1
"Winc, Inc.",WBEV,20211111,2
"BT Brands, Inc.",BTBD,20211112,2
"Braze, Inc.",BRZE,20211117,1
Iris Energy Ltd,IREN,20211117,1
"UserTesting, Inc.",USER,20211117,1
"Sweetgreen, Inc.",SG,20211118,2
HashiCorp Inc,HCP,20211209,1
Neurosense Therapeutics Ltd,NRSN,20211209,1
Nu Holdings Ltd,NU,20211209,1
Samsara Inc,IOT,20211215,1
Immix Biopharma Inc,IMMX,20211216,1
Amylyx Pharmaceuticals Inc,AMLX,20220107,1
CinCor Pharma Inc,CINC,20220107,1
Vigil Neuroscience Inc,VIGL,20220107,1
Credo Technology Group Holding,CRDO,20220127,1
Arcellx Inc,ACLX,20220204,1
TC BioPharm (Holdings) Plc,TCBP,20220211,1
Blue Water Vaccines Inc,BWV,20220218,1
AN2 Therapeutics Inc,ANTX,20220325,1
Tenon Medical Inc,TNON,20220427,1
HilleVax Inc,HLVX,20220429,1
PepGen Inc,PEPG,20220506,1
Bruush Oral Care Inc.,BRSH,20220803,1
Treasure Global Inc,TGL,20220811,1
Jianzhi Educ Tech Grp Co Ltd,JZ,20220826,1
"Onfolio Holdings, Inc",ONFO,20220826,1
PaxMedica Inc,PXMD,20220826,1
Wearable Devices Ltd,WLDS,20220913,1
Third Harmonic Bio Inc,THRD,20220915,1
Prime Medicine Inc,PRME,20221019,1
Atour Lifestyle Holdings Ltd,ATAT,20221111,2
Acrivon Therapeutics Inc,ACRV,20221114,1
Coya Therapeutics,COYA,20221229,1
Skyward Specialty Ins Grp Inc,SKWD,20230112,2
TXO Energy Partners LP,TXO,20230127,2
Structure Therapeutics Inc,GPCR,20230203,1
Hesai Group,HSAI,20230210,1
Mineralys Therapeutics Inc,MLYS,20230210,1
BEAMR Imaging LTD,BMR,20230228,1
"Interactive Strength, Inc.",TRNR,20230428,1
"Acelyrin, Inc.",SLRN,20230505,2
"CAVA GROUP, INC.",CAVA,20230615,2
Azitra Inc,AZTR,20230616,1
60 Degrees Pharmaceuticals,SXTP,20230712,1
"Apogee Therapeutics, Inc.",APGE,20230714,1
Sagimet Biosciences Inc.,SGMT,20230714,1
Oddity Tech Ltd,ODD,20230719,1
Turnstone Biologics Corp.,TSBX,20230721,1
"Earlyworks Co., Ltd.",ELWS,20230725,1
Warrantee Inc.,WRNT,20230725,1
"PIXIE DUST TECHNOLOGIES, INC.",PXDT,20230801,1
"MIRA PHARMACEUTICALS, INC.",MIRA,20230803,1
Courtside Group,PODC,20230908,1
"Neumora Therapeutics, Inc.",NMRA,20230915,1
"RayzeBio, Inc.",RYZB,20230915,1
Maplebear Inc.,CART,20230919,1
"Klaviyo, Inc.",KVYO,20230920,1
"SR Bancorp, Inc.",SRBK,20230920,1
VS Media Holdings Ltd,VSME,20230928,1
Adlai Nortye Ltd.,ANL,20230929,1
Syra Health Corp,SYRA,20230929,1
Global Mofy Metaverse Ltd,GMM,20231010,1
WEBUY GLOBAL LTD,WBUY,20231019,1
reAlpha Tech Corp.,AIRE,20231023,1
Pineapple Financial Inc.,PAPL,20231101,1
"Lexeo Therapeutics, Inc.",LXEO,20231103,1
"CARGO Therapeutics, Inc.",CRGX,20231110,1
"Hamilton Insurance Group, Ltd.",HG,20231110,1
"Signing Day Sports, Inc.",SGN,20231114,1
DDC Enterprise Ltd,DDC,20231117,1
Richtech Robotics INC.,RR,20231117,1
Elevai Labs Inc.,ELAB,20231121,1
